Series Name,Series Code,Country Name,Country Code,2007 [YR2007],2008 [YR2008],2009 [YR2009],2010 [YR2010],2011 [YR2011],2012 [YR2012],2013 [YR2013],2014 [YR2014],2015 [YR2015],2016 [YR2016]
Women's share of population ages 15+ living with HIV (%),SH.DYN.AIDS.FE.ZS,Afghanistan,AFG,28.7,28.9,29,29,29,28.9,28.8,28.7,28.7,28.8
Women's share of population ages 15+ living with HIV (%),SH.DYN.AIDS.FE.ZS,Albania,ALB,26.3,26.3,26.3,26.1,25.9,25.7,25.5,25.5,25.6,25.7
Women's share of population ages 15+ living with HIV (%),SH.DYN.AIDS.FE.ZS,Algeria,DZA,43.1,43.2,43.3,43.8,44.3,44.8,45.3,45.6,45.9,46.2
Women's share of population ages 15+ living with HIV (%),SH.DYN.AIDS.FE.ZS,American Samoa,ASM,..,..,..,..,..,..,..,..,..,..
Women's share of population ages 15+ living with HIV (%),SH.DYN.AIDS.FE.ZS,Andorra,AND,..,..,..,..,..,..,..,..,..,..
Women's share of population ages 15+ living with HIV (%),SH.DYN.AIDS.FE.ZS,Angola,AGO,63.4,63.5,63.6,63.7,63.8,64,64.3,64.7,65.2,65.6
Women's share of population ages 15+ living with HIV (%),SH.DYN.AIDS.FE.ZS,Antigua and Barbuda,ATG,..,..,..,..,..,..,..,..,..,..
Women's share of population ages 15+ living with HIV (%),SH.DYN.AIDS.FE.ZS,Argentina,ARG,35,35,35.1,35.2,35.3,35.4,35.5,35.5,35.6,35.7
Women's share of population ages 15+ living with HIV (%),SH.DYN.AIDS.FE.ZS,Armenia,ARM,31.6,31.6,31.5,31.4,31.2,31.2,31.3,31.4,31.5,31.6
Women's share of population ages 15+ living with HIV (%),SH.DYN.AIDS.FE.ZS,Aruba,ABW,..,..,..,..,..,..,..,..,..,..
Women's share of population ages 15+ living with HIV (%),SH.DYN.AIDS.FE.ZS,Australia,AUS,13.1,13.1,13.1,13,13,12.9,12.9,12.9,12.8,12.8
Women's share of population ages 15+ living with HIV (%),SH.DYN.AIDS.FE.ZS,Austria,AUT,25.6,25.8,25.9,26.1,26.2,26.4,26.6,26.7,26.9,27
Women's share of population ages 15+ living with HIV (%),SH.DYN.AIDS.FE.ZS,Azerbaijan,AZE,42.6,42.8,43,43.1,43,42.8,42.5,42.1,42,41.8
Women's share of population ages 15+ living with HIV (%),SH.DYN.AIDS.FE.ZS,"Bahamas, The",BHS,45.8,46.2,46.8,47.1,47.3,47.4,47.6,48,48.2,48.4
Women's share of population ages 15+ living with HIV (%),SH.DYN.AIDS.FE.ZS,Bahrain,BHR,21.2,20.8,20.4,19.8,19.4,19,18.4,18,17.5,17.1
Women's share of population ages 15+ living with HIV (%),SH.DYN.AIDS.FE.ZS,Bangladesh,BGD,25.6,27,28.3,29.5,30.5,31.1,31.5,31.6,31.6,31.6
Women's share of population ages 15+ living with HIV (%),SH.DYN.AIDS.FE.ZS,Barbados,BRB,38.1,38.4,38.6,38.8,38.9,39.1,39.1,39.2,39.3,39.5
Women's share of population ages 15+ living with HIV (%),SH.DYN.AIDS.FE.ZS,Belarus,BLR,40.3,40.2,40.2,40.2,40.5,40.8,41,41,41.2,41.5
Women's share of population ages 15+ living with HIV (%),SH.DYN.AIDS.FE.ZS,Belgium,BEL,33,33.1,33.3,33.4,33.5,33.6,33.6,33.7,33.7,33.8
Women's share of population ages 15+ living with HIV (%),SH.DYN.AIDS.FE.ZS,Belize,BLZ,41.6,42.1,42.5,43.1,43.6,44.2,44.6,45,45.4,45.8
Women's share of population ages 15+ living with HIV (%),SH.DYN.AIDS.FE.ZS,Benin,BEN,59.9,60,60.3,60.6,60.9,61.2,61.6,62.2,62.7,63.1
Women's share of population ages 15+ living with HIV (%),SH.DYN.AIDS.FE.ZS,Bermuda,BMU,..,..,..,..,..,..,..,..,..,..
Women's share of population ages 15+ living with HIV (%),SH.DYN.AIDS.FE.ZS,Bhutan,BTN,42.6,42.6,42.8,42.9,43.1,43.4,43.6,43.8,43.9,44
Women's share of population ages 15+ living with HIV (%),SH.DYN.AIDS.FE.ZS,Bolivia,BOL,35.9,35.8,35.6,35.4,35.3,35.3,35.3,35.3,35.4,35.4
Women's share of population ages 15+ living with HIV (%),SH.DYN.AIDS.FE.ZS,Bosnia and Herzegovina,BIH,17.7,17.3,17,16.7,16.3,16,15.7,15.3,15.3,15.2
Women's share of population ages 15+ living with HIV (%),SH.DYN.AIDS.FE.ZS,Botswana,BWA,57.3,57.2,57.2,57.3,57.6,57.9,58.2,58.6,59,59.4
Women's share of population ages 15+ living with HIV (%),SH.DYN.AIDS.FE.ZS,Brazil,BRA,40.3,40.1,40,39.7,39.3,38.9,38.5,38.1,37.5,37
Women's share of population ages 15+ living with HIV (%),SH.DYN.AIDS.FE.ZS,British Virgin Islands,VGB,..,..,..,..,..,..,..,..,..,..
Women's share of population ages 15+ living with HIV (%),SH.DYN.AIDS.FE.ZS,Brunei Darussalam,BRN,37.8,38.6,39.6,40.3,40.3,40.7,40.6,41.1,41.4,41.7
Women's share of population ages 15+ living with HIV (%),SH.DYN.AIDS.FE.ZS,Bulgaria,BGR,30.3,29.3,27.9,26.9,26.3,25.6,24.8,23.9,23.1,21.8
Women's share of population ages 15+ living with HIV (%),SH.DYN.AIDS.FE.ZS,Burkina Faso,BFA,55.7,55.8,55.8,55.9,56.1,56.6,57.3,58,58.7,59.3
Women's share of population ages 15+ living with HIV (%),SH.DYN.AIDS.FE.ZS,Burundi,BDI,56.9,57,57,57.1,57.3,57.5,58,58.6,59.1,59.6
Women's share of population ages 15+ living with HIV (%),SH.DYN.AIDS.FE.ZS,Cabo Verde,CPV,41.7,42.3,42.8,43.4,43.9,44.4,44.9,45.3,45.6,46
Women's share of population ages 15+ living with HIV (%),SH.DYN.AIDS.FE.ZS,Cambodia,KHM,52,52.5,52.8,53.1,53.4,53.6,53.7,53.7,53.7,53.6
Women's share of population ages 15+ living with HIV (%),SH.DYN.AIDS.FE.ZS,Cameroon,CMR,65,64.8,64.7,64.5,64.3,64.3,64.6,65,65.4,65.9
Women's share of population ages 15+ living with HIV (%),SH.DYN.AIDS.FE.ZS,Canada,CAN,23.6,23.7,23.7,23.8,23.9,24,24.2,24.4,24.6,24.9
Women's share of population ages 15+ living with HIV (%),SH.DYN.AIDS.FE.ZS,Cayman Islands,CYM,..,..,..,..,..,..,..,..,..,..
Women's share of population ages 15+ living with HIV (%),SH.DYN.AIDS.FE.ZS,Central African Republic,CAF,57.8,57.8,57.8,57.8,57.8,57.9,58,58,58.1,58.3
Women's share of population ages 15+ living with HIV (%),SH.DYN.AIDS.FE.ZS,Chad,TCD,57.2,57.2,57.2,57.3,57.5,57.8,58.1,58.4,58.9,59.4
Women's share of population ages 15+ living with HIV (%),SH.DYN.AIDS.FE.ZS,Channel Islands,CHI,..,..,..,..,..,..,..,..,..,..
Women's share of population ages 15+ living with HIV (%),SH.DYN.AIDS.FE.ZS,Chile,CHL,15.8,15.9,16,16.1,16.2,16.2,16.3,16.3,16.3,16.2
Women's share of population ages 15+ living with HIV (%),SH.DYN.AIDS.FE.ZS,China,CHN,29.1,29.2,29.2,29.2,29.3,29.4,29.6,29.8,30,30.1
Women's share of population ages 15+ living with HIV (%),SH.DYN.AIDS.FE.ZS,Colombia,COL,28.4,27.7,27,26.1,25.2,24.4,23.6,22.9,22.2,21.6
Women's share of population ages 15+ living with HIV (%),SH.DYN.AIDS.FE.ZS,Comoros,COM,57.9,57.3,56.6,56.5,56.8,56.2,56.5,56.3,56.2,56.2
Women's share of population ages 15+ living with HIV (%),SH.DYN.AIDS.FE.ZS,"Congo, Dem. Rep.",COD,58.5,58.5,58.5,58.6,58.7,58.9,59.3,59.7,60.2,60.7
Women's share of population ages 15+ living with HIV (%),SH.DYN.AIDS.FE.ZS,"Congo, Rep.",COG,68.3,68,67.7,67.4,67.2,67.2,67.4,67.7,68,68.3
Women's share of population ages 15+ living with HIV (%),SH.DYN.AIDS.FE.ZS,Costa Rica,CRI,20.1,19.9,19.7,19.4,19,18.5,18,17.6,17.1,16.7
Women's share of population ages 15+ living with HIV (%),SH.DYN.AIDS.FE.ZS,Cote d'Ivoire,CIV,59.7,60.1,60.6,61.1,61.5,62,62.5,63,63.6,64.2
Women's share of population ages 15+ living with HIV (%),SH.DYN.AIDS.FE.ZS,Croatia,HRV,11,10.9,11,11,11,11,10.9,10.8,10.8,10.6
Women's share of population ages 15+ living with HIV (%),SH.DYN.AIDS.FE.ZS,Cuba,CUB,18.5,18.5,18.6,18.7,18.7,18.8,19,19.1,19.2,19.3
Women's share of population ages 15+ living with HIV (%),SH.DYN.AIDS.FE.ZS,Curacao,CUW,..,..,..,..,..,..,..,..,..,..
Women's share of population ages 15+ living with HIV (%),SH.DYN.AIDS.FE.ZS,Cyprus,CYP,21.6,21.7,21.7,21.6,21.6,21.5,21.4,21.3,21.3,21.3
Women's share of population ages 15+ living with HIV (%),SH.DYN.AIDS.FE.ZS,Czechia,CZE,14.1,13.8,13.5,13.4,13.3,13.1,13.1,13.1,13,12.9
Women's share of population ages 15+ living with HIV (%),SH.DYN.AIDS.FE.ZS,Denmark,DNK,26.3,26.2,26.2,26.1,26,26,26,25.9,25.9,25.9
Women's share of population ages 15+ living with HIV (%),SH.DYN.AIDS.FE.ZS,Djibouti,DJI,55.7,55.8,55.9,56,56,56,56,56.1,56.2,56.2
Women's share of population ages 15+ living with HIV (%),SH.DYN.AIDS.FE.ZS,Dominica,DMA,..,..,..,..,..,..,..,..,..,..
Women's share of population ages 15+ living with HIV (%),SH.DYN.AIDS.FE.ZS,Dominican Republic,DOM,45.2,45.2,45.3,45.4,45.6,45.9,46.1,46.3,46.4,46.5
Women's share of population ages 15+ living with HIV (%),SH.DYN.AIDS.FE.ZS,Ecuador,ECU,30.2,30.9,31.4,31.8,32.1,32.3,32.6,33.2,33.8,34.2
Women's share of population ages 15+ living with HIV (%),SH.DYN.AIDS.FE.ZS,"Egypt, Arab Rep.",EGY,56.1,53,50.1,47.3,44.8,42.4,40,37.8,35.7,33.7
Women's share of population ages 15+ living with HIV (%),SH.DYN.AIDS.FE.ZS,El Salvador,SLV,44.3,44.2,44.1,44,44,43.9,44.1,44.4,44.6,44.6
Women's share of population ages 15+ living with HIV (%),SH.DYN.AIDS.FE.ZS,Equatorial Guinea,GNQ,51.5,51.3,51.2,50.7,50.4,50.4,50.6,51,51.6,52.2
Women's share of population ages 15+ living with HIV (%),SH.DYN.AIDS.FE.ZS,Eritrea,ERI,58.2,58.1,58.1,57.9,57.9,57.9,58,58,58.1,58.2
Women's share of population ages 15+ living with HIV (%),SH.DYN.AIDS.FE.ZS,Estonia,EST,39.1,39.2,39.3,39.4,39.5,39.6,39.7,39.7,39.7,39.7
Women's share of population ages 15+ living with HIV (%),SH.DYN.AIDS.FE.ZS,Eswatini,SWZ,63.6,63.8,63.9,64,64.1,64.1,64.1,64.1,63.9,63.8
Women's share of population ages 15+ living with HIV (%),SH.DYN.AIDS.FE.ZS,Ethiopia,ETH,62.7,62.6,62.5,62.4,62.4,62.4,62.4,62.4,62.4,62.5
Women's share of population ages 15+ living with HIV (%),SH.DYN.AIDS.FE.ZS,Faroe Islands,FRO,..,..,..,..,..,..,..,..,..,..
Women's share of population ages 15+ living with HIV (%),SH.DYN.AIDS.FE.ZS,Fiji,FJI,44.8,44.7,45,45.2,45.3,45.4,45.5,45.6,45.7,45.8
Women's share of population ages 15+ living with HIV (%),SH.DYN.AIDS.FE.ZS,Finland,FIN,25.5,25.7,25.7,25.8,25.9,26,26.1,26.2,26.2,26.3
Women's share of population ages 15+ living with HIV (%),SH.DYN.AIDS.FE.ZS,France,FRA,32.6,32.7,32.8,32.9,33,33,33.1,33.2,33.3,33.4
Women's share of population ages 15+ living with HIV (%),SH.DYN.AIDS.FE.ZS,French Polynesia,PYF,..,..,..,..,..,..,..,..,..,..
Women's share of population ages 15+ living with HIV (%),SH.DYN.AIDS.FE.ZS,Gabon,GAB,69.2,68.8,68.5,68.2,68,67.8,68,68.3,68.5,68.7
Women's share of population ages 15+ living with HIV (%),SH.DYN.AIDS.FE.ZS,"Gambia, The",GMB,57.4,57.5,57.6,57.7,57.8,58.1,58.5,58.8,59.1,59.5
Women's share of population ages 15+ living with HIV (%),SH.DYN.AIDS.FE.ZS,Georgia,GEO,30.4,30.2,30.1,29.9,29.8,29.7,29.6,29.6,29.5,29.5
Women's share of population ages 15+ living with HIV (%),SH.DYN.AIDS.FE.ZS,Germany,DEU,19.4,19.1,19,18.8,18.6,18.5,18.4,18.4,18.5,18.6
Women's share of population ages 15+ living with HIV (%),SH.DYN.AIDS.FE.ZS,Ghana,GHA,66.5,66.3,66.1,65.8,65.6,65.6,65.6,65.8,66,66.4
Women's share of population ages 15+ living with HIV (%),SH.DYN.AIDS.FE.ZS,Gibraltar,GIB,..,..,..,..,..,..,..,..,..,..
Women's share of population ages 15+ living with HIV (%),SH.DYN.AIDS.FE.ZS,Greece,GRC,16.1,16.1,16.2,16.2,16.1,16.1,16.1,16.1,16.1,16.1
Women's share of population ages 15+ living with HIV (%),SH.DYN.AIDS.FE.ZS,Greenland,GRL,..,..,..,..,..,..,..,..,..,..
Women's share of population ages 15+ living with HIV (%),SH.DYN.AIDS.FE.ZS,Grenada,GRD,..,..,..,..,..,..,..,..,..,..
Women's share of population ages 15+ living with HIV (%),SH.DYN.AIDS.FE.ZS,Guam,GUM,..,..,..,..,..,..,..,..,..,..
Women's share of population ages 15+ living with HIV (%),SH.DYN.AIDS.FE.ZS,Guatemala,GTM,41.6,41.2,40.9,40.7,40.5,40.7,40.8,41,41.3,41.4
Women's share of population ages 15+ living with HIV (%),SH.DYN.AIDS.FE.ZS,Guinea,GIN,65.4,65.3,65.1,64.9,64.8,64.8,64.9,65.2,65.5,65.8
Women's share of population ages 15+ living with HIV (%),SH.DYN.AIDS.FE.ZS,Guinea-Bissau,GNB,60.3,60.3,60.2,60.2,60.2,60.3,60.7,61.3,61.8,62.3
Women's share of population ages 15+ living with HIV (%),SH.DYN.AIDS.FE.ZS,Guyana,GUY,53.7,53.1,52.7,52.3,52,51.7,51.5,51.3,51.2,51.1
Women's share of population ages 15+ living with HIV (%),SH.DYN.AIDS.FE.ZS,Haiti,HTI,55.9,56,56.1,56.2,56.4,56.6,56.9,57.4,57.8,58.2
Women's share of population ages 15+ living with HIV (%),SH.DYN.AIDS.FE.ZS,Honduras,HND,47,46.9,46.8,46.7,46.5,46.2,46,45.8,45.4,44.9
Women's share of population ages 15+ living with HIV (%),SH.DYN.AIDS.FE.ZS,"Hong Kong SAR, China",HKG,..,..,..,..,..,..,..,..,..,..
Women's share of population ages 15+ living with HIV (%),SH.DYN.AIDS.FE.ZS,Hungary,HUN,13.8,13.6,13.4,13.2,13,12.8,12.7,12.5,12.4,12.2
Women's share of population ages 15+ living with HIV (%),SH.DYN.AIDS.FE.ZS,Iceland,ISL,30.6,31.1,31.1,31.4,31.7,32,32.1,31.9,31.9,31.6
Women's share of population ages 15+ living with HIV (%),SH.DYN.AIDS.FE.ZS,India,IND,40.3,40.4,40.6,40.9,41.2,41.5,41.9,42.3,42.7,43.1
Women's share of population ages 15+ living with HIV (%),SH.DYN.AIDS.FE.ZS,Indonesia,IDN,27.9,29.4,30.7,31.8,32.8,33.6,34.4,35.2,36,36.6
Women's share of population ages 15+ living with HIV (%),SH.DYN.AIDS.FE.ZS,"Iran, Islamic Rep.",IRN,31,31.3,31.5,31.7,31.9,32,32.1,32.1,32.2,32.2
Women's share of population ages 15+ living with HIV (%),SH.DYN.AIDS.FE.ZS,Iraq,IRQ,44.8,44.4,44.1,43.7,43.4,43.1,42.8,42.5,42.1,41.7
Women's share of population ages 15+ living with HIV (%),SH.DYN.AIDS.FE.ZS,Ireland,IRL,32.1,32.2,32.3,32.4,32.6,32.7,32.8,32.9,33,32.8
Women's share of population ages 15+ living with HIV (%),SH.DYN.AIDS.FE.ZS,Isle of Man,IMN,..,..,..,..,..,..,..,..,..,..
Women's share of population ages 15+ living with HIV (%),SH.DYN.AIDS.FE.ZS,Israel,ISR,25.8,25.9,26,26.1,26.2,26.3,26.4,26.5,26.5,26.5
Women's share of population ages 15+ living with HIV (%),SH.DYN.AIDS.FE.ZS,Italy,ITA,27.2,27.3,27.4,27.4,27.5,27.5,27.6,27.6,27.7,27.7
Women's share of population ages 15+ living with HIV (%),SH.DYN.AIDS.FE.ZS,Jamaica,JAM,48,48.2,48.4,48.5,48.5,48.5,48.5,48.8,49.1,49.3
Women's share of population ages 15+ living with HIV (%),SH.DYN.AIDS.FE.ZS,Japan,JPN,15.5,14.9,14.3,13.9,13.4,13.1,12.7,12.4,12.1,11.8
Women's share of population ages 15+ living with HIV (%),SH.DYN.AIDS.FE.ZS,Jordan,JOR,32.4,31.8,31.3,30.6,30.1,29.5,29.1,28.7,28.2,27.6
Women's share of population ages 15+ living with HIV (%),SH.DYN.AIDS.FE.ZS,Kazakhstan,KAZ,35.5,35.7,36,36.3,36.5,36.8,37,37.2,37.5,37.8
Women's share of population ages 15+ living with HIV (%),SH.DYN.AIDS.FE.ZS,Kenya,KEN,63.4,63.2,62.9,62.7,62.5,62.7,63,63.3,63.7,64
Women's share of population ages 15+ living with HIV (%),SH.DYN.AIDS.FE.ZS,Kiribati,KIR,..,..,..,..,..,..,..,..,..,..
Women's share of population ages 15+ living with HIV (%),SH.DYN.AIDS.FE.ZS,"Korea, Dem. People's Rep.",PRK,48.7,48.7,48.7,48.7,48.7,48.6,48.6,48.6,48.6,48.2
Women's share of population ages 15+ living with HIV (%),SH.DYN.AIDS.FE.ZS,"Korea, Rep.",KOR,10.1,10.1,10,9.9,9.8,9.7,9.7,9.6,9.5,9.5
Women's share of population ages 15+ living with HIV (%),SH.DYN.AIDS.FE.ZS,Kosovo,XKX,..,..,..,..,..,..,..,..,..,..
Women's share of population ages 15+ living with HIV (%),SH.DYN.AIDS.FE.ZS,Kuwait,KWT,28.3,28.6,28.7,28.7,28.8,28.9,29,28.9,29,29
Women's share of population ages 15+ living with HIV (%),SH.DYN.AIDS.FE.ZS,Kyrgyz Republic,KGZ,32.7,33.1,33.5,33.9,34.3,34.7,35.2,35.7,36.2,36.6
Women's share of population ages 15+ living with HIV (%),SH.DYN.AIDS.FE.ZS,Lao PDR,LAO,41.2,41.3,41.4,41.4,41.5,41.6,41.7,41.8,41.9,41.9
Women's share of population ages 15+ living with HIV (%),SH.DYN.AIDS.FE.ZS,Latvia,LVA,32.1,32.3,32.4,32.4,32.5,32.6,32.6,32.6,32.6,32.7
Women's share of population ages 15+ living with HIV (%),SH.DYN.AIDS.FE.ZS,Lebanon,LBN,27,25,23.1,21.6,20.1,18.9,17.7,16.5,15.3,14.3
Women's share of population ages 15+ living with HIV (%),SH.DYN.AIDS.FE.ZS,Lesotho,LSO,60.4,60.2,60,59.9,59.9,60,60.1,60.3,60.5,60.7
Women's share of population ages 15+ living with HIV (%),SH.DYN.AIDS.FE.ZS,Liberia,LBR,58.9,58.9,58.8,58.8,58.8,58.9,59.2,59.6,60.1,60.6
Women's share of population ages 15+ living with HIV (%),SH.DYN.AIDS.FE.ZS,Libya,LBY,35.6,35.6,35.7,35.9,36.1,36.3,36.5,36.7,36.8,36.8
Women's share of population ages 15+ living with HIV (%),SH.DYN.AIDS.FE.ZS,Liechtenstein,LIE,..,..,..,..,..,..,..,..,..,..
Women's share of population ages 15+ living with HIV (%),SH.DYN.AIDS.FE.ZS,Lithuania,LTU,19.2,19.7,20.1,20.6,20.9,21.2,21.5,21.8,22.1,22.2
Women's share of population ages 15+ living with HIV (%),SH.DYN.AIDS.FE.ZS,Luxembourg,LUX,28.7,28.7,28.8,28.8,28.8,28.7,28.7,28.7,28.7,28.7
Women's share of population ages 15+ living with HIV (%),SH.DYN.AIDS.FE.ZS,"Macao SAR, China",MAC,..,..,..,..,..,..,..,..,..,..
Women's share of population ages 15+ living with HIV (%),SH.DYN.AIDS.FE.ZS,Madagascar,MDG,48.9,49.7,50.5,51.2,51.9,52.5,53.1,53.6,54,54.3
Women's share of population ages 15+ living with HIV (%),SH.DYN.AIDS.FE.ZS,Malawi,MWI,57.3,57.6,57.8,58.1,58.3,58.7,59,59.3,59.7,60
Women's share of population ages 15+ living with HIV (%),SH.DYN.AIDS.FE.ZS,Malaysia,MYS,14.4,15.2,16,16.8,17.5,18.1,18.6,19.1,19.6,19.8
Women's share of population ages 15+ living with HIV (%),SH.DYN.AIDS.FE.ZS,Maldives,MDV,30,27.3,25,28.6,25,23.5,22.2,21.1,22.7,21.7
Women's share of population ages 15+ living with HIV (%),SH.DYN.AIDS.FE.ZS,Mali,MLI,48.3,48.6,48.9,49.3,49.7,50.3,51.1,51.7,52.4,52.9
Women's share of population ages 15+ living with HIV (%),SH.DYN.AIDS.FE.ZS,Malta,MLT,25.2,25,24.6,24.2,24.1,24,24,23.5,23.4,23.2
Women's share of population ages 15+ living with HIV (%),SH.DYN.AIDS.FE.ZS,Marshall Islands,MHL,..,..,..,..,..,..,..,..,..,..
Women's share of population ages 15+ living with HIV (%),SH.DYN.AIDS.FE.ZS,Mauritania,MRT,41.1,41.2,41.5,41.9,42.4,42.7,43.3,44,44.7,45.3
Women's share of population ages 15+ living with HIV (%),SH.DYN.AIDS.FE.ZS,Mauritius,MUS,38.4,38.2,38.2,38.3,38.4,38.4,38.6,38.8,39.1,39.5
Women's share of population ages 15+ living with HIV (%),SH.DYN.AIDS.FE.ZS,Mexico,MEX,18.5,18.5,18.5,18.5,18.5,18.5,18.7,18.8,18.9,19
Women's share of population ages 15+ living with HIV (%),SH.DYN.AIDS.FE.ZS,"Micronesia, Fed. Sts.",FSM,..,..,..,..,..,..,..,..,..,..
Women's share of population ages 15+ living with HIV (%),SH.DYN.AIDS.FE.ZS,Moldova,MDA,31.5,31.5,31.5,31.6,31.7,32,32.4,32.7,33.2,33.7
Women's share of population ages 15+ living with HIV (%),SH.DYN.AIDS.FE.ZS,Monaco,MCO,..,..,..,..,..,..,..,..,..,..
Women's share of population ages 15+ living with HIV (%),SH.DYN.AIDS.FE.ZS,Mongolia,MNG,12.9,14.1,15,15.5,16.3,17.2,17.8,18.3,18.4,19.2
Women's share of population ages 15+ living with HIV (%),SH.DYN.AIDS.FE.ZS,Montenegro,MNE,13.4,13.2,13.2,13.1,12.6,12.1,12.2,11.9,12,12
Women's share of population ages 15+ living with HIV (%),SH.DYN.AIDS.FE.ZS,Morocco,MAR,47.4,47.4,47.5,47.5,47.5,47.5,47.6,47.7,47.9,48.2
Women's share of population ages 15+ living with HIV (%),SH.DYN.AIDS.FE.ZS,Mozambique,MOZ,61.9,61.7,61.5,61.3,61.3,61.3,61.4,61.6,61.8,62.1
Women's share of population ages 15+ living with HIV (%),SH.DYN.AIDS.FE.ZS,Myanmar,MMR,34,34.8,35.6,36.3,36.9,37.4,37.8,38.1,38.4,38.6
Women's share of population ages 15+ living with HIV (%),SH.DYN.AIDS.FE.ZS,Namibia,NAM,61.8,61.9,61.9,61.9,62,62.2,62.4,62.6,62.8,63.1
Women's share of population ages 15+ living with HIV (%),SH.DYN.AIDS.FE.ZS,Nauru,NRU,..,..,..,..,..,..,..,..,..,..
Women's share of population ages 15+ living with HIV (%),SH.DYN.AIDS.FE.ZS,Nepal,NPL,29.3,31.2,33.3,35.7,38.2,40.7,43,44.9,46.2,46.9
Women's share of population ages 15+ living with HIV (%),SH.DYN.AIDS.FE.ZS,Netherlands,NLD,17.6,17.7,17.8,17.9,18,18.1,18.2,18.2,18.3,18.3
Women's share of population ages 15+ living with HIV (%),SH.DYN.AIDS.FE.ZS,New Caledonia,NCL,..,..,..,..,..,..,..,..,..,..
Women's share of population ages 15+ living with HIV (%),SH.DYN.AIDS.FE.ZS,New Zealand,NZL,16.1,16.1,16.2,16.3,16.4,16.4,16.5,16.6,16.6,16.6
Women's share of population ages 15+ living with HIV (%),SH.DYN.AIDS.FE.ZS,Nicaragua,NIC,31.5,31.7,32,32.3,32.7,33,33.3,33.5,33.8,33.9
Women's share of population ages 15+ living with HIV (%),SH.DYN.AIDS.FE.ZS,Niger,NER,48.3,49,49.8,50.7,51.7,52.7,53.6,54.7,55.7,56.6
Women's share of population ages 15+ living with HIV (%),SH.DYN.AIDS.FE.ZS,Nigeria,NGA,59.2,59.2,59.2,59.2,59.4,59.8,60.4,61,61.6,62.1
Women's share of population ages 15+ living with HIV (%),SH.DYN.AIDS.FE.ZS,North Macedonia,MKD,12.4,12.4,12.1,12.4,12,11.8,11.6,11.3,11.1,10.5
Women's share of population ages 15+ living with HIV (%),SH.DYN.AIDS.FE.ZS,Northern Mariana Islands,MNP,..,..,..,..,..,..,..,..,..,..
Women's share of population ages 15+ living with HIV (%),SH.DYN.AIDS.FE.ZS,Norway,NOR,32.8,32.8,32.7,32.5,32.4,32.2,32.1,32,31.9,31.8
Women's share of population ages 15+ living with HIV (%),SH.DYN.AIDS.FE.ZS,Oman,OMN,27.6,28,28.4,28.6,28.9,29.2,29.4,29.6,29.8,30
Women's share of population ages 15+ living with HIV (%),SH.DYN.AIDS.FE.ZS,Pakistan,PAK,6.9,8,9.4,10.9,12.5,13.8,15,16,16.8,17.5
Women's share of population ages 15+ living with HIV (%),SH.DYN.AIDS.FE.ZS,Palau,PLW,..,..,..,..,..,..,..,..,..,..
Women's share of population ages 15+ living with HIV (%),SH.DYN.AIDS.FE.ZS,Panama,PAN,27.7,27.5,27.3,27.1,26.9,26.7,26.4,26.2,26,25.8
Women's share of population ages 15+ living with HIV (%),SH.DYN.AIDS.FE.ZS,Papua New Guinea,PNG,56.3,56.4,56.5,56.5,56.7,57.1,57.4,57.7,58,58.3
Women's share of population ages 15+ living with HIV (%),SH.DYN.AIDS.FE.ZS,Paraguay,PRY,37.6,37.7,37.8,37.9,38,38.1,38.3,38.4,38.5,38.6
Women's share of population ages 15+ living with HIV (%),SH.DYN.AIDS.FE.ZS,Peru,PER,20.4,21.1,21.8,22.4,22.9,23.3,23.5,23.8,23.9,24
Women's share of population ages 15+ living with HIV (%),SH.DYN.AIDS.FE.ZS,Philippines,PHL,8.1,7.4,6.7,6.6,6.5,6.4,6.3,6.3,6.3,6.3
Women's share of population ages 15+ living with HIV (%),SH.DYN.AIDS.FE.ZS,Poland,POL,25.9,25.7,25.4,25.1,24.7,24.3,23.7,23.1,22.5,22
Women's share of population ages 15+ living with HIV (%),SH.DYN.AIDS.FE.ZS,Portugal,PRT,29.2,29.4,29.5,29.7,29.8,29.9,30,30.1,30.1,30.1
Women's share of population ages 15+ living with HIV (%),SH.DYN.AIDS.FE.ZS,Puerto Rico,PRI,..,..,..,..,..,..,..,..,..,..
Women's share of population ages 15+ living with HIV (%),SH.DYN.AIDS.FE.ZS,Qatar,QAT,24.5,23.9,23.5,22.6,22.4,21.9,21.5,21.2,21.2,20.7
Women's share of population ages 15+ living with HIV (%),SH.DYN.AIDS.FE.ZS,Romania,ROU,48.6,48.2,47.8,47.3,46.7,45.9,44.9,43.5,42.3,41.4
Women's share of population ages 15+ living with HIV (%),SH.DYN.AIDS.FE.ZS,Russian Federation,RUS,28.3,28.4,28.8,29.1,29.4,29.7,29.9,30.2,30.4,30.6
Women's share of population ages 15+ living with HIV (%),SH.DYN.AIDS.FE.ZS,Rwanda,RWA,59.6,59.9,60,60.2,60.4,60.6,60.8,61,61.2,61.4
Women's share of population ages 15+ living with HIV (%),SH.DYN.AIDS.FE.ZS,Samoa,WSM,..,..,..,..,..,..,..,..,..,..
Women's share of population ages 15+ living with HIV (%),SH.DYN.AIDS.FE.ZS,San Marino,SMR,..,..,..,..,..,..,..,..,..,..
Women's share of population ages 15+ living with HIV (%),SH.DYN.AIDS.FE.ZS,Sao Tome and Principe,STP,47.3,47.3,47.5,47.9,48.5,49.2,49.8,50.7,51.6,52.2
Women's share of population ages 15+ living with HIV (%),SH.DYN.AIDS.FE.ZS,Saudi Arabia,SAU,25.9,25.9,25.9,25.8,25.8,25.7,25.7,25.7,25.6,25.6
Women's share of population ages 15+ living with HIV (%),SH.DYN.AIDS.FE.ZS,Senegal,SEN,49.8,50.6,51.6,52.7,53.7,54.8,55.9,56.7,57.4,58
Women's share of population ages 15+ living with HIV (%),SH.DYN.AIDS.FE.ZS,Serbia,SRB,23.8,23.1,22.3,21.6,20.9,20.1,19.4,18.8,18.1,17.5
Women's share of population ages 15+ living with HIV (%),SH.DYN.AIDS.FE.ZS,Seychelles,SYC,..,..,..,..,..,..,..,..,..,..
Women's share of population ages 15+ living with HIV (%),SH.DYN.AIDS.FE.ZS,Sierra Leone,SLE,56.6,56.7,56.7,56.7,56.8,57,57.4,58,58.6,59.3
Women's share of population ages 15+ living with HIV (%),SH.DYN.AIDS.FE.ZS,Singapore,SGP,9.9,9.8,9.8,9.7,9.5,9.2,9,8.8,8.7,8.7
Women's share of population ages 15+ living with HIV (%),SH.DYN.AIDS.FE.ZS,Sint Maarten (Dutch part),SXM,..,..,..,..,..,..,..,..,..,..
Women's share of population ages 15+ living with HIV (%),SH.DYN.AIDS.FE.ZS,Slovak Republic,SVK,18.5,18,17.5,17.1,16.4,15.7,15.2,14.5,13.9,13.3
Women's share of population ages 15+ living with HIV (%),SH.DYN.AIDS.FE.ZS,Slovenia,SVN,12.8,12.3,12.1,11.8,11.6,11.4,11.1,10.9,10.7,10.5
Women's share of population ages 15+ living with HIV (%),SH.DYN.AIDS.FE.ZS,Solomon Islands,SLB,..,..,..,..,..,..,..,..,..,..
Women's share of population ages 15+ living with HIV (%),SH.DYN.AIDS.FE.ZS,Somalia,SOM,45.4,45.6,45.7,45.9,46.2,46.6,47.1,47.9,48.5,49.1
Women's share of population ages 15+ living with HIV (%),SH.DYN.AIDS.FE.ZS,South Africa,ZAF,65.3,65.7,66,66.3,66.3,66.3,66.3,66.2,66.2,66.3
Women's share of population ages 15+ living with HIV (%),SH.DYN.AIDS.FE.ZS,South Sudan,SSD,58.3,58.3,58.3,58.3,58.3,58.5,58.8,59.2,59.6,60.2
Women's share of population ages 15+ living with HIV (%),SH.DYN.AIDS.FE.ZS,Spain,ESP,18.5,18.5,18.5,18.5,18.5,18.4,18.4,18.4,18.3,18.2
Women's share of population ages 15+ living with HIV (%),SH.DYN.AIDS.FE.ZS,Sri Lanka,LKA,27.6,28.3,29,29.6,30.2,30.7,31.1,31.2,31.1,31
Women's share of population ages 15+ living with HIV (%),SH.DYN.AIDS.FE.ZS,St. Kitts and Nevis,KNA,..,..,..,..,..,..,..,..,..,..
Women's share of population ages 15+ living with HIV (%),SH.DYN.AIDS.FE.ZS,St. Lucia,LCA,..,..,..,..,..,..,..,..,..,..
Women's share of population ages 15+ living with HIV (%),SH.DYN.AIDS.FE.ZS,St. Martin (French part),MAF,..,..,..,..,..,..,..,..,..,..
Women's share of population ages 15+ living with HIV (%),SH.DYN.AIDS.FE.ZS,St. Vincent and the Grenadines,VCT,..,..,..,..,..,..,..,..,..,..
Women's share of population ages 15+ living with HIV (%),SH.DYN.AIDS.FE.ZS,Sudan,SDN,48.9,48.9,48.7,48.5,48.2,48,47.9,47.7,47.6,47.5
Women's share of population ages 15+ living with HIV (%),SH.DYN.AIDS.FE.ZS,Suriname,SUR,42.4,42.6,42.9,43,43.2,43.4,43.7,44,44.3,44.6
Women's share of population ages 15+ living with HIV (%),SH.DYN.AIDS.FE.ZS,Sweden,SWE,28.7,28.9,29,29.2,29.3,29.4,29.5,29.6,29.6,29.7
Women's share of population ages 15+ living with HIV (%),SH.DYN.AIDS.FE.ZS,Switzerland,CHE,27.1,27.1,27.1,27.1,27.2,27.2,27.2,27.2,27.3,27.3
Women's share of population ages 15+ living with HIV (%),SH.DYN.AIDS.FE.ZS,Syrian Arab Republic,SYR,35.4,35.9,36.5,36.7,36.7,36.7,36.5,36.6,36.4,36.3
Women's share of population ages 15+ living with HIV (%),SH.DYN.AIDS.FE.ZS,Tajikistan,TJK,44.2,44.7,45.1,45.5,45.9,46.2,46.6,47,47.4,47.7
Women's share of population ages 15+ living with HIV (%),SH.DYN.AIDS.FE.ZS,Tanzania,TZA,58.1,58.1,58.1,58.1,58.4,58.8,59.2,59.7,60.2,60.8
Women's share of population ages 15+ living with HIV (%),SH.DYN.AIDS.FE.ZS,Thailand,THA,43.6,44,44.3,44.4,44.5,44.4,44.2,44,43.8,43.5
Women's share of population ages 15+ living with HIV (%),SH.DYN.AIDS.FE.ZS,Timor-Leste,TLS,29.2,29.3,29.6,29.9,30.2,30.3,30.2,30.6,30.8,30.9
Women's share of population ages 15+ living with HIV (%),SH.DYN.AIDS.FE.ZS,Togo,TGO,60.7,60.7,60.7,60.6,60.6,60.6,60.9,61.4,62,62.6
Women's share of population ages 15+ living with HIV (%),SH.DYN.AIDS.FE.ZS,Tonga,TON,..,..,..,..,..,..,..,..,..,..
Women's share of population ages 15+ living with HIV (%),SH.DYN.AIDS.FE.ZS,Trinidad and Tobago,TTO,50.9,51.1,51.3,51.5,51.6,51.8,52,52,52.1,52.3
Women's share of population ages 15+ living with HIV (%),SH.DYN.AIDS.FE.ZS,Tunisia,TUN,45.6,45.6,45.5,45.5,45.5,45.4,45.5,45.7,46,46.1
Women's share of population ages 15+ living with HIV (%),SH.DYN.AIDS.FE.ZS,Turkiye,TUR,32.1,31.8,31.4,30.9,30.1,29.1,28,26.6,25,23.7
Women's share of population ages 15+ living with HIV (%),SH.DYN.AIDS.FE.ZS,Turkmenistan,TKM,30.9,31,31.1,31.3,31.4,31.4,31.5,31.6,31.7,31.8
Women's share of population ages 15+ living with HIV (%),SH.DYN.AIDS.FE.ZS,Turks and Caicos Islands,TCA,..,..,..,..,..,..,..,..,..,..
Women's share of population ages 15+ living with HIV (%),SH.DYN.AIDS.FE.ZS,Tuvalu,TUV,..,..,..,..,..,..,..,..,..,..
Women's share of population ages 15+ living with HIV (%),SH.DYN.AIDS.FE.ZS,Uganda,UGA,59.9,59.9,59.9,59.8,59.9,59.9,60.2,60.6,61,61.4
Women's share of population ages 15+ living with HIV (%),SH.DYN.AIDS.FE.ZS,Ukraine,UKR,46.2,46.4,46.6,46.8,46.9,47,47.1,47.3,47.3,47.3
Women's share of population ages 15+ living with HIV (%),SH.DYN.AIDS.FE.ZS,United Arab Emirates,ARE,30.2,29.7,29.3,28.9,28.7,28.4,28.2,28,27.7,27.2
Women's share of population ages 15+ living with HIV (%),SH.DYN.AIDS.FE.ZS,United Kingdom,GBR,29.4,29.6,29.7,29.9,29.9,30,30.1,30.2,30.2,30.3
Women's share of population ages 15+ living with HIV (%),SH.DYN.AIDS.FE.ZS,United States,USA,24.4,24.2,23.9,23.7,23.4,23.2,23,22.8,22.7,22.5
Women's share of population ages 15+ living with HIV (%),SH.DYN.AIDS.FE.ZS,Uruguay,URY,44.6,44.2,43.8,43.3,42.9,42.3,41.9,41.5,41,40.7
Women's share of population ages 15+ living with HIV (%),SH.DYN.AIDS.FE.ZS,Uzbekistan,UZB,30.2,30.5,30.8,31,31.3,31.6,31.9,32.3,32.6,32.9
Women's share of population ages 15+ living with HIV (%),SH.DYN.AIDS.FE.ZS,Vanuatu,VUT,..,..,..,..,..,..,..,..,..,..
Women's share of population ages 15+ living with HIV (%),SH.DYN.AIDS.FE.ZS,"Venezuela, RB",VEN,26.2,26.4,26.5,26.6,26.8,27,27.2,27.4,27.7,27.9
Women's share of population ages 15+ living with HIV (%),SH.DYN.AIDS.FE.ZS,Vietnam,VNM,27.2,28,28.6,29.1,29.5,30,30.5,30.9,31.2,31.6
Women's share of population ages 15+ living with HIV (%),SH.DYN.AIDS.FE.ZS,Virgin Islands (U.S.),VIR,..,..,..,..,..,..,..,..,..,..
Women's share of population ages 15+ living with HIV (%),SH.DYN.AIDS.FE.ZS,West Bank and Gaza,PSE,..,..,..,..,..,..,..,..,..,..
Women's share of population ages 15+ living with HIV (%),SH.DYN.AIDS.FE.ZS,"Yemen, Rep.",YEM,32.9,33,33.1,33.2,33.3,33.5,33.7,33.8,33.9,34
Women's share of population ages 15+ living with HIV (%),SH.DYN.AIDS.FE.ZS,Zambia,ZMB,59.7,59.8,59.9,59.9,60,60.1,60.2,60.3,60.4,60.6
Women's share of population ages 15+ living with HIV (%),SH.DYN.AIDS.FE.ZS,Zimbabwe,ZWE,57.7,57.7,57.8,58.4,58.6,58.9,59.1,59.4,59.5,59.7
Women's share of population ages 15+ living with HIV (%),SH.DYN.AIDS.FE.ZS,Africa Eastern and Southern,AFE,57.7463795893574,57.8203243783539,57.8592033987621,57.924987993521,58.0805134461814,58.1961232958553,58.4517269469401,58.7053465354793,58.9715609259697,59.2790915587281
Women's share of population ages 15+ living with HIV (%),SH.DYN.AIDS.FE.ZS,Africa Western and Central,AFW,58.2099216600679,58.256400024979,58.284701174135,58.3749445665847,58.4544137544961,58.7129545907896,59.0919386163998,59.548493599739,60.0282477429675,60.4885020354654
Women's share of population ages 15+ living with HIV (%),SH.DYN.AIDS.FE.ZS,Arab World,ARB,43.7188592641922,43.3449574290155,42.9568996828155,42.7795703761306,42.6657028072349,42.4770319571374,42.396980176383,42.4408099928958,42.4807028528139,42.5458519857259
Women's share of population ages 15+ living with HIV (%),SH.DYN.AIDS.FE.ZS,Caribbean small states,CSS,46.3378387711319,46.484349809891,46.6324930427516,46.7619345747843,46.8837011353332,46.9583599464211,47.061097934283,47.3023371727405,47.4719983734793,47.6481569080065
Women's share of population ages 15+ living with HIV (%),SH.DYN.AIDS.FE.ZS,Central Europe and the Baltics,CEB,..,..,..,..,..,..,..,..,..,..
Women's share of population ages 15+ living with HIV (%),SH.DYN.AIDS.FE.ZS,Early-demographic dividend,EAR,..,..,..,..,..,..,..,..,..,..
Women's share of population ages 15+ living with HIV (%),SH.DYN.AIDS.FE.ZS,East Asia & Pacific,EAS,..,..,..,..,..,..,..,..,..,..
Women's share of population ages 15+ living with HIV (%),SH.DYN.AIDS.FE.ZS,East Asia & Pacific (excluding high income),EAP,..,..,..,..,..,..,..,..,..,..
Women's share of population ages 15+ living with HIV (%),SH.DYN.AIDS.FE.ZS,East Asia & Pacific (IDA & IBRD countries),TEA,..,..,..,..,..,..,..,..,..,..
Women's share of population ages 15+ living with HIV (%),SH.DYN.AIDS.FE.ZS,Euro area,EMU,25.6189715699199,25.6590581791999,25.7655250752454,25.3618410775125,25.3963078273896,25.3794905543009,25.4566118067513,25.4375651118486,25.5409669660963,25.4755401758724
Women's share of population ages 15+ living with HIV (%),SH.DYN.AIDS.FE.ZS,Europe & Central Asia,ECS,..,..,..,..,..,..,..,..,..,..
Women's share of population ages 15+ living with HIV (%),SH.DYN.AIDS.FE.ZS,Europe & Central Asia (excluding high income),ECA,..,..,..,..,..,..,..,..,..,..
Women's share of population ages 15+ living with HIV (%),SH.DYN.AIDS.FE.ZS,Europe & Central Asia (IDA & IBRD countries),TEC,..,..,..,..,..,..,..,..,..,..
Women's share of population ages 15+ living with HIV (%),SH.DYN.AIDS.FE.ZS,European Union,EUU,..,..,..,27.5441360349613,27.4505302414253,27.2132168397485,27.1246304786023,26.8713594601229,26.7031168542561,26.4875939579113
Women's share of population ages 15+ living with HIV (%),SH.DYN.AIDS.FE.ZS,Fragile and conflict affected situations,FCS,52.6691191944509,52.6102731009116,52.5684731337935,52.5755690704708,52.7160155255075,52.9076925310346,53.1941708782847,53.5452838268304,53.9071096524468,54.2878129508662
Women's share of population ages 15+ living with HIV (%),SH.DYN.AIDS.FE.ZS,Heavily indebted poor countries (HIPC),HPC,55.9012939705076,55.9370014802438,55.9890760789708,56.0534953424014,56.1976935170287,56.3801964945043,56.7134660723649,57.0737044279692,57.4671030298821,57.8539518202494
Women's share of population ages 15+ living with HIV (%),SH.DYN.AIDS.FE.ZS,High income,HIC,..,..,..,..,..,..,..,..,..,..
Women's share of population ages 15+ living with HIV (%),SH.DYN.AIDS.FE.ZS,IBRD only,IBD,..,..,..,..,..,..,..,..,..,..
Women's share of population ages 15+ living with HIV (%),SH.DYN.AIDS.FE.ZS,IDA & IBRD total,IBT,..,..,..,..,..,..,..,..,..,..
Women's share of population ages 15+ living with HIV (%),SH.DYN.AIDS.FE.ZS,IDA blend,IDB,55.2734767048869,54.9108304515011,54.5386929683325,54.299358931884,54.0943689748334,54.2707008779489,54.4021211499892,54.6725743624563,54.973927617684,55.3113530579224
Women's share of population ages 15+ living with HIV (%),SH.DYN.AIDS.FE.ZS,IDA only,IDX,53.15239852868,53.2328216716653,53.3251616095608,53.4344348761019,53.6046087223735,53.8296192720571,54.1740667390225,54.5054556542897,54.8837232989869,55.2140222265821
Women's share of population ages 15+ living with HIV (%),SH.DYN.AIDS.FE.ZS,IDA total,IDA,53.5130579689025,53.5219452913839,53.5359979838026,53.5858426678243,53.691519325772,53.9084042395835,54.2145527342818,54.5351055772658,54.8996825399837,55.2314325050011
Women's share of population ages 15+ living with HIV (%),SH.DYN.AIDS.FE.ZS,Late-demographic dividend,LTE,..,..,..,..,..,..,..,..,..,..
Women's share of population ages 15+ living with HIV (%),SH.DYN.AIDS.FE.ZS,Latin America & Caribbean,LCN,..,..,..,..,..,..,..,..,..,..
Women's share of population ages 15+ living with HIV (%),SH.DYN.AIDS.FE.ZS,Latin America & Caribbean (excluding high income),LAC,..,..,..,..,..,..,..,..,..,..
Women's share of population ages 15+ living with HIV (%),SH.DYN.AIDS.FE.ZS,Latin America & the Caribbean (IDA & IBRD countries),TLA,..,..,..,..,..,..,..,..,..,..
Women's share of population ages 15+ living with HIV (%),SH.DYN.AIDS.FE.ZS,Least developed countries: UN classification,LDC,53.7867426327668,53.8656761595215,53.94045852202,54.0309683412756,54.2342729658604,54.4810390551727,54.8681810686008,55.2259990984878,55.6194028918974,55.9877673508918
Women's share of population ages 15+ living with HIV (%),SH.DYN.AIDS.FE.ZS,Low & middle income,LMY,..,..,..,..,..,..,..,..,..,..
Women's share of population ages 15+ living with HIV (%),SH.DYN.AIDS.FE.ZS,Low income,LIC,55.445230976411,55.5001176114063,55.5259914705974,55.5855154694866,55.6987329469742,55.8746634496246,56.1913830841608,56.5470797765819,56.9220045022853,57.3385684065277
Women's share of population ages 15+ living with HIV (%),SH.DYN.AIDS.FE.ZS,Lower middle income,LMC,..,..,..,..,..,..,..,..,..,..
Women's share of population ages 15+ living with HIV (%),SH.DYN.AIDS.FE.ZS,Middle East & North Africa,MEA,41.3650691554037,40.9100456126017,40.4048680448107,40.1393936126399,39.9086089531258,39.6318955290285,39.4003375880852,39.293978102614,39.1986327765783,39.1545034257089
Women's share of population ages 15+ living with HIV (%),SH.DYN.AIDS.FE.ZS,Middle East & North Africa (excluding high income),MNA,43.3637696797626,42.9250189475689,42.3922854036791,42.1775415652004,41.9764517944368,41.720319983584,41.5672813628729,41.5330103906048,41.5141649400556,41.5406131107482
Women's share of population ages 15+ living with HIV (%),SH.DYN.AIDS.FE.ZS,Middle East & North Africa (IDA & IBRD countries),TMN,43.3637696797626,42.9250189475689,42.3922854036791,42.1775415652004,41.9764517944368,41.720319983584,41.5672813628729,41.5330103906048,41.5141649400556,41.5406131107482
Women's share of population ages 15+ living with HIV (%),SH.DYN.AIDS.FE.ZS,Middle income,MIC,..,..,..,..,..,..,..,..,..,..
Women's share of population ages 15+ living with HIV (%),SH.DYN.AIDS.FE.ZS,North America,NAC,..,..,..,23.7,23.4,23.2,23,22.8,22.7,22.5
Women's share of population ages 15+ living with HIV (%),SH.DYN.AIDS.FE.ZS,Not classified,INX,..,..,..,..,..,..,..,..,..,..
Women's share of population ages 15+ living with HIV (%),SH.DYN.AIDS.FE.ZS,OECD members,OED,..,..,..,..,..,..,..,..,..,..
Women's share of population ages 15+ living with HIV (%),SH.DYN.AIDS.FE.ZS,Other small states,OSS,52.4492909598532,52.1841959060996,51.9556170152584,51.7392659534822,51.7354231991605,52.4571243378567,52.6150343384132,52.8363932773892,52.9783145429081,53.0817139884293
Women's share of population ages 15+ living with HIV (%),SH.DYN.AIDS.FE.ZS,Pacific island small states,PSS,..,..,..,..,..,..,..,..,..,..
Women's share of population ages 15+ living with HIV (%),SH.DYN.AIDS.FE.ZS,Post-demographic dividend,PST,..,..,..,27.9590742408694,27.9310047254061,27.9658066622469,28.0108217947569,27.9755842511675,28.0622680186225,28.028933479931
Women's share of population ages 15+ living with HIV (%),SH.DYN.AIDS.FE.ZS,Pre-demographic dividend,PRE,56.7073981824906,56.7372174328098,56.7516047187252,56.7779443299758,56.9147540873654,57.1353453053339,57.517506002708,57.9179480223066,58.3687624682447,58.8177971161527
Women's share of population ages 15+ living with HIV (%),SH.DYN.AIDS.FE.ZS,Small states,SST,50.635283823265,50.4748730620025,50.3354088962314,50.2101179818983,50.232369430932,50.7189970877797,50.8607040446556,51.0934542997339,51.2402750258925,51.3790556949534
Women's share of population ages 15+ living with HIV (%),SH.DYN.AIDS.FE.ZS,South Asia,SAS,..,..,..,..,..,..,..,..,..,..
Women's share of population ages 15+ living with HIV (%),SH.DYN.AIDS.FE.ZS,South Asia (IDA & IBRD),TSA,..,..,..,..,..,..,..,..,..,..
Women's share of population ages 15+ living with HIV (%),SH.DYN.AIDS.FE.ZS,Sub-Saharan Africa,SSF,57.9707521122095,58.0320393018298,58.0654265783403,58.1426326968225,58.2614707368027,58.4457986453725,58.7622437196018,59.1152470728647,59.4845947278953,59.8680021451034
Women's share of population ages 15+ living with HIV (%),SH.DYN.AIDS.FE.ZS,Sub-Saharan Africa (excluding high income),SSA,57.9707521122095,58.0320393018298,58.0654265783403,58.1426326968225,58.2614707368027,58.4457986453725,58.7622437196018,59.1152470728647,59.4845947278953,59.8680021451034
Women's share of population ages 15+ living with HIV (%),SH.DYN.AIDS.FE.ZS,Sub-Saharan Africa (IDA & IBRD countries),TSS,57.9707521122095,58.0320393018298,58.0654265783403,58.1426326968225,58.2614707368027,58.4457986453725,58.7622437196018,59.1152470728647,59.4845947278953,59.8680021451034
Women's share of population ages 15+ living with HIV (%),SH.DYN.AIDS.FE.ZS,Upper middle income,UMC,..,..,..,..,..,..,..,..,..,..
Women's share of population ages 15+ living with HIV (%),SH.DYN.AIDS.FE.ZS,World,WLD,52.2,52.3,52.3,52.5,52.6,52.7,52.9,53.1,53.2,53.4
,,,,,,,,,,,,,
,,,,,,,,,,,,,
,,,,,,,,,,,,,
Data from database: World Development Indicators,,,,,,,,,,,,,
Last Updated: 12/22/2022,,,,,,,,,,,,,
